{"cameraMode":{"drawMode":0,"name":"Shaded","section":"Shading Mode"},"sceneLighting":true,"audioPlay":false,"sceneViewState":{"m_AlwaysRefresh":false,"showFog":true,"showSkybox":true,"showFlares":true,"showImageEffects":true,"showParticleSystems":true,"showVisualEffectGraphs":true,"m_FxEnabled":true},"in2DMode":false,"pivot":{"x":0.7398929595947266,"y":3.600386142730713,"z":3.5576252937316896},"rotation":{"x":-0.16607290506362916,"y":0.40785709023475649,"z":-0.07590670138597489,"w":-0.8946940302848816},"size":1.8034688234329224,"orthographic":false}